{
    "best_model": "Logistic Regression",
    "metrics": {
        "Logistic Regression": {
            "accuracy": 0.9824561403508771,
            "precision": 0.9861111111111112,
            "recall": 0.9861111111111112,
            "f1": 0.9861111111111112,
            "roc_auc": 0.9953703703703703,
            "confusion_matrix": {
                "tn": 41,
                "fp": 1,
                "fn": 1,
                "tp": 71,
                "matrix": [
                    [
                        41,
                        1
                    ],
                    [
                        1,
                        71
                    ]
                ]
            }
        },
        "Linear Regression (as classifier)": {
            "accuracy": 0.956140350877193,
            "precision": 0.9466666666666667,
            "recall": 0.9861111111111112,
            "f1": 0.9659863945578231,
            "roc_auc": null,
            "confusion_matrix": {
                "tn": 38,
                "fp": 4,
                "fn": 1,
                "tp": 71,
                "matrix": [
                    [
                        38,
                        4
                    ],
                    [
                        1,
                        71
                    ]
                ]
            }
        },
        "Decision Tree": {
            "accuracy": 0.9122807017543859,
            "precision": 0.9558823529411765,
            "recall": 0.9027777777777778,
            "f1": 0.9285714285714286,
            "roc_auc": 0.9156746031746031,
            "confusion_matrix": {
                "tn": 39,
                "fp": 3,
                "fn": 7,
                "tp": 65,
                "matrix": [
                    [
                        39,
                        3
                    ],
                    [
                        7,
                        65
                    ]
                ]
            }
        },
        "k-NN": {
            "accuracy": 0.956140350877193,
            "precision": 0.958904109589041,
            "recall": 0.9722222222222222,
            "f1": 0.9655172413793104,
            "roc_auc": 0.9788359788359788,
            "confusion_matrix": {
                "tn": 39,
                "fp": 3,
                "fn": 2,
                "tp": 70,
                "matrix": [
                    [
                        39,
                        3
                    ],
                    [
                        2,
                        70
                    ]
                ]
            }
        },
        "Naive Bayes": {
            "accuracy": 0.9385964912280702,
            "precision": 0.9452054794520548,
            "recall": 0.9583333333333334,
            "f1": 0.9517241379310345,
            "roc_auc": 0.9877645502645502,
            "confusion_matrix": {
                "tn": 38,
                "fp": 4,
                "fn": 3,
                "tp": 69,
                "matrix": [
                    [
                        38,
                        4
                    ],
                    [
                        3,
                        69
                    ]
                ]
            }
        },
        "Random Forest": {
            "accuracy": 0.956140350877193,
            "precision": 0.958904109589041,
            "recall": 0.9722222222222222,
            "f1": 0.9655172413793104,
            "roc_auc": 0.9930555555555556,
            "confusion_matrix": {
                "tn": 39,
                "fp": 3,
                "fn": 2,
                "tp": 70,
                "matrix": [
                    [
                        39,
                        3
                    ],
                    [
                        2,
                        70
                    ]
                ]
            }
        },
        "SVM (RBF)": {
            "accuracy": 0.9824561403508771,
            "precision": 0.9861111111111112,
            "recall": 0.9861111111111112,
            "f1": 0.9861111111111112,
            "roc_auc": 0.9950396825396826,
            "confusion_matrix": {
                "tn": 41,
                "fp": 1,
                "fn": 1,
                "tp": 71,
                "matrix": [
                    [
                        41,
                        1
                    ],
                    [
                        1,
                        71
                    ]
                ]
            }
        },
        "Neural Net (MLP)": {
            "accuracy": 0.9649122807017544,
            "precision": 0.9857142857142858,
            "recall": 0.9583333333333334,
            "f1": 0.971830985915493,
            "roc_auc": 0.9937169312169312,
            "confusion_matrix": {
                "tn": 41,
                "fp": 1,
                "fn": 3,
                "tp": 69,
                "matrix": [
                    [
                        41,
                        1
                    ],
                    [
                        3,
                        69
                    ]
                ]
            }
        }
    },
    "dataset_name": "Breast Cancer (Default)",
    "rows": 569,
    "columns": [
        "mean radius",
        "mean texture",
        "mean perimeter",
        "mean area",
        "mean smoothness",
        "mean compactness",
        "mean concavity",
        "mean concave points",
        "mean symmetry",
        "mean fractal dimension",
        "radius error",
        "texture error",
        "perimeter error",
        "area error",
        "smoothness error",
        "compactness error",
        "concavity error",
        "concave points error",
        "symmetry error",
        "fractal dimension error",
        "worst radius",
        "worst texture",
        "worst perimeter",
        "worst area",
        "worst smoothness",
        "worst compactness",
        "worst concavity",
        "worst concave points",
        "worst symmetry",
        "worst fractal dimension",
        "target"
    ],
    "owner_id": null,
    "dataset_path": "D:\\CODES\\AI ML\\MLModels\\backend\\datasets\\default_dataset.csv"
}