{
    "best_model": "Random Forest",
    "metrics": {
        "Logistic Regression": {
            "accuracy": 0.9722222222222222,
            "precision": 0.974074074074074,
            "recall": 0.9722222222222222,
            "f1": 0.9719701552732407,
            "roc_auc": 1.0,
            "confusion_matrix": {
                "matrix": [
                    [
                        12,
                        0,
                        0
                    ],
                    [
                        0,
                        14,
                        0
                    ],
                    [
                        0,
                        1,
                        9
                    ]
                ],
                "classes": 3
            }
        },
        "Decision Tree": {
            "accuracy": 0.9444444444444444,
            "precision": 0.9513888888888888,
            "recall": 0.9444444444444444,
            "f1": 0.9449614374099499,
            "roc_auc": 0.9545454545454545,
            "confusion_matrix": {
                "matrix": [
                    [
                        11,
                        1,
                        0
                    ],
                    [
                        0,
                        14,
                        0
                    ],
                    [
                        0,
                        1,
                        9
                    ]
                ],
                "classes": 3
            }
        },
        "k-NN": {
            "accuracy": 0.9722222222222222,
            "precision": 0.9747474747474748,
            "recall": 0.9722222222222222,
            "f1": 0.9723691945914168,
            "roc_auc": 0.9988344988344989,
            "confusion_matrix": {
                "matrix": [
                    [
                        12,
                        0,
                        0
                    ],
                    [
                        0,
                        13,
                        1
                    ],
                    [
                        0,
                        0,
                        10
                    ]
                ],
                "classes": 3
            }
        },
        "Naive Bayes": {
            "accuracy": 0.9722222222222222,
            "precision": 0.9743589743589745,
            "recall": 0.9722222222222222,
            "f1": 0.9722633744855966,
            "roc_auc": 1.0,
            "confusion_matrix": {
                "matrix": [
                    [
                        12,
                        0,
                        0
                    ],
                    [
                        1,
                        13,
                        0
                    ],
                    [
                        0,
                        0,
                        10
                    ]
                ],
                "classes": 3
            }
        },
        "Random Forest": {
            "accuracy": 1.0,
            "precision": 1.0,
            "recall": 1.0,
            "f1": 1.0,
            "roc_auc": 1.0,
            "confusion_matrix": {
                "matrix": [
                    [
                        12,
                        0,
                        0
                    ],
                    [
                        0,
                        14,
                        0
                    ],
                    [
                        0,
                        0,
                        10
                    ]
                ],
                "classes": 3
            }
        },
        "SVM (RBF)": {
            "accuracy": 0.9722222222222222,
            "precision": 0.974074074074074,
            "recall": 0.9722222222222222,
            "f1": 0.9719701552732407,
            "roc_auc": 1.0,
            "confusion_matrix": {
                "matrix": [
                    [
                        12,
                        0,
                        0
                    ],
                    [
                        0,
                        14,
                        0
                    ],
                    [
                        0,
                        1,
                        9
                    ]
                ],
                "classes": 3
            }
        },
        "Neural Net (MLP)": {
            "accuracy": 0.9722222222222222,
            "precision": 0.974074074074074,
            "recall": 0.9722222222222222,
            "f1": 0.9719701552732407,
            "roc_auc": 1.0,
            "confusion_matrix": {
                "matrix": [
                    [
                        12,
                        0,
                        0
                    ],
                    [
                        0,
                        14,
                        0
                    ],
                    [
                        0,
                        1,
                        9
                    ]
                ],
                "classes": 3
            }
        }
    },
    "dataset_name": "Wine Quality (Default)",
    "rows": 178,
    "columns": [
        "alcohol",
        "malic_acid",
        "ash",
        "alcalinity_of_ash",
        "magnesium",
        "total_phenols",
        "flavanoids",
        "nonflavanoid_phenols",
        "proanthocyanins",
        "color_intensity",
        "hue",
        "od280/od315_of_diluted_wines",
        "proline",
        "target"
    ],
    "owner_id": null,
    "dataset_path": "D:\\CODES\\AI ML\\MLModels\\backend\\datasets\\default_dataset.csv"
}